{"v":"4.8.0","meta":{"g":"LottieFiles AE 3.0.0","a":"","k":"","d":"","tc":""},"fr":30,"ip":0,"op":121,"w":1080,"h":1080,"nm":"pi network","ddd":0,"assets":[],"layers":[{"ddd":0,"ind":1,"ty":3,"nm":"Shape Layer 8","sr":1,"ks":{"o":{"a":0,"k":100,"ix":11},"r":{"a":0,"k":0,"ix":10},"p":{"a":0,"k":[540,540,0],"ix":2},"a":{"a":0,"k":[-30.469,-48.469,0],"ix":1},"s":{"a":0,"k":[21,21,100],"ix":6}},"ao":0,"ip":0,"op":150,"st":0,"bm":0},{"ddd":0,"ind":3,"ty":4,"nm":"Shape Layer 6","parent":1,"sr":1,"ks":{"o":{"a":0,"k":100,"ix":11},"r":{"a":0,"k":0,"ix":10},"p":{"a":0,"k":[-30.969,-48.969,0],"ix":2},"a":{"a":0,"k":[-30.469,-48.469,0],"ix":1},"s":{"a":0,"k":[100,100,100],"ix":6}},"ao":0,"shapes":[{"ty":"gr","it":[{"ind":0,"ty":"sh","ix":1,"ks":{"a":0,"k":{"i":[[-1211.729,0],[0,-1211.729],[1211.729,0],[0,1211.729]],"o":[[1211.729,0],[0,1211.729],[-1211.729,0],[0,-1211.729]],"v":[[0,-2194.031],[2194.031,0],[0,2194.031],[-2194.031,0]],"c":true},"ix":2},"nm":"Path 1","mn":"ADBE Vector Shape - Group","hd":false},{"ty":"st","c":{"a":0,"k":[0.960327148438,0.660278320313,0.138153076172,1],"ix":3},"o":{"a":0,"k":100,"ix":4},"w":{"a":0,"k":330,"ix":5},"lc":2,"lj":1,"ml":4,"bm":0,"nm":"Stroke 1","mn":"ADBE Vector Graphic - Stroke","hd":false},{"ty":"tr","p":{"a":0,"k":[-30.47,-48.47],"ix":2},"a":{"a":0,"k":[0,0],"ix":1},"s":{"a":0,"k":[99.846,99.846],"ix":3},"r":{"a":0,"k":0,"ix":6},"o":{"a":0,"k":100,"ix":7},"sk":{"a":0,"k":0,"ix":4},"sa":{"a":0,"k":0,"ix":5},"nm":"Transform"}],"nm":"Ellipse 1","np":3,"cix":2,"bm":0,"ix":1,"mn":"ADBE Vector Group","hd":false},{"ty":"tm","s":{"a":0,"k":0,"ix":1},"e":{"a":1,"k":[{"i":{"x":[0.833],"y":[1]},"o":{"x":[0.167],"y":[0]},"t":51,"s":[0]},{"i":{"x":[0.355],"y":[1]},"o":{"x":[0.333],"y":[0]},"t":52,"s":[0.1]},{"t":93,"s":[100]}],"ix":2},"o":{"a":1,"k":[{"i":{"x":[0.346],"y":[1]},"o":{"x":[0.333],"y":[0]},"t":52,"s":[0]},{"t":92,"s":[360]}],"ix":3},"m":1,"ix":2,"nm":"Trim Paths 1","mn":"ADBE Vector Filter - Trim","hd":false}],"ip":0,"op":150,"st":0,"bm":0},{"ddd":0,"ind":4,"ty":4,"nm":"Shape Layer 3","parent":1,"sr":1,"ks":{"o":{"a":1,"k":[{"i":{"x":[0.833],"y":[0.833]},"o":{"x":[0.167],"y":[0.167]},"t":20,"s":[0]},{"t":21,"s":[100]}],"ix":11},"r":{"a":0,"k":0,"ix":10},"p":{"a":1,"k":[{"i":{"x":0.503,"y":1},"o":{"x":0.333,"y":0},"t":44,"s":[277.136,-525.688,0],"to":[0,-108.73,0],"ti":[0,92.857,0]},{"i":{"x":0.667,"y":1},"o":{"x":0.444,"y":0},"t":52,"s":[277.136,-1178.069,0],"to":[0,-92.857,0],"ti":[0,-15.873,0]},{"t":56,"s":[277.136,-1082.831,0]}],"ix":2},"a":{"a":0,"k":[-417.395,-1034.362,0],"ix":1},"s":{"a":0,"k":[100,100,100],"ix":6}},"ao":0,"shapes":[{"ty":"gr","it":[{"ind":0,"ty":"sh","ix":1,"ks":{"a":0,"k":{"i":[[11.046,0],[0,0],[0,-11.046],[0,0],[-11.046,0],[0,0],[0,11.046],[0,0]],"o":[[0,0],[-11.046,0],[0,0],[0,11.046],[0,0],[11.046,0],[0,0],[0,-11.046]],"v":[[164.608,-156.888],[-164.608,-156.888],[-197.105,-119.138],[-197.105,122.638],[-162.109,155.388],[162.109,155.388],[198.355,122.638],[198.105,-121.638]],"c":true},"ix":2},"nm":"Path 1","mn":"ADBE Vector Shape - Group","hd":false},{"ty":"fl","c":{"a":0,"k":[0.960327148438,0.660278320313,0.138153076172,1],"ix":4},"o":{"a":0,"k":100,"ix":5},"r":1,"bm":0,"nm":"Fill 1","mn":"ADBE Vector Graphic - Fill","hd":false},{"ty":"tr","p":{"a":0,"k":[-417.395,-1034.362],"ix":2},"a":{"a":0,"k":[0,0],"ix":1},"s":{"a":0,"k":[100.025,100],"ix":3},"r":{"a":0,"k":0,"ix":6},"o":{"a":0,"k":100,"ix":7},"sk":{"a":0,"k":0,"ix":4},"sa":{"a":0,"k":0,"ix":5},"nm":"Transform"}],"nm":"Rectangle 1","np":3,"cix":2,"bm":0,"ix":1,"mn":"ADBE Vector Group","hd":false}],"ip":0,"op":150,"st":0,"bm":0},{"ddd":0,"ind":5,"ty":4,"nm":"Shape Layer 2","parent":1,"sr":1,"ks":{"o":{"a":1,"k":[{"i":{"x":[0.833],"y":[0.833]},"o":{"x":[0.167],"y":[0.167]},"t":15,"s":[0]},{"t":16,"s":[100]}],"ix":11},"r":{"a":0,"k":0,"ix":10},"p":{"a":1,"k":[{"i":{"x":0.503,"y":1},"o":{"x":0.333,"y":0},"t":40,"s":[-447.864,-525.688,0],"to":[0,-108.73,0],"ti":[0,92.857,0]},{"i":{"x":0.667,"y":1},"o":{"x":0.444,"y":0},"t":48,"s":[-447.864,-1178.069,0],"to":[0,-92.857,0],"ti":[0,-15.873,0]},{"t":52,"s":[-447.864,-1082.831,0]}],"ix":2},"a":{"a":0,"k":[-417.395,-1034.362,0],"ix":1},"s":{"a":0,"k":[100,100,100],"ix":6}},"ao":0,"shapes":[{"ty":"gr","it":[{"ind":0,"ty":"sh","ix":1,"ks":{"a":0,"k":{"i":[[11.046,0],[0,0],[0,-11.046],[0,0],[-11.046,0],[0,0],[0,11.046],[0,0]],"o":[[0,0],[-11.046,0],[0,0],[0,11.046],[0,0],[11.046,0],[0,0],[0,-11.046]],"v":[[164.608,-156.888],[-164.608,-156.888],[-197.105,-119.138],[-197.105,122.638],[-162.109,155.388],[162.109,155.388],[198.355,122.638],[198.105,-121.638]],"c":true},"ix":2},"nm":"Path 1","mn":"ADBE Vector Shape - Group","hd":false},{"ty":"fl","c":{"a":0,"k":[0.960327148438,0.660278320313,0.138153076172,1],"ix":4},"o":{"a":0,"k":100,"ix":5},"r":1,"bm":0,"nm":"Fill 1","mn":"ADBE Vector Graphic - Fill","hd":false},{"ty":"tr","p":{"a":0,"k":[-417.395,-1034.362],"ix":2},"a":{"a":0,"k":[0,0],"ix":1},"s":{"a":0,"k":[100.025,100],"ix":3},"r":{"a":0,"k":0,"ix":6},"o":{"a":0,"k":100,"ix":7},"sk":{"a":0,"k":0,"ix":4},"sa":{"a":0,"k":0,"ix":5},"nm":"Transform"}],"nm":"Rectangle 1","np":3,"cix":2,"bm":0,"ix":1,"mn":"ADBE Vector Group","hd":false}],"ip":0,"op":150,"st":0,"bm":0},{"ddd":0,"ind":6,"ty":4,"nm":"Shape Layer 5","parent":1,"sr":1,"ks":{"o":{"a":1,"k":[{"i":{"x":[0.833],"y":[0.833]},"o":{"x":[0.167],"y":[0.167]},"t":20,"s":[0]},{"t":21,"s":[100]}],"ix":11},"r":{"a":0,"k":0,"ix":10},"p":{"a":0,"k":[275.136,-232.831,0],"ix":2},"a":{"a":0,"k":[-417.395,-1034.362,0],"ix":1},"s":{"a":0,"k":[104,104,100],"ix":6}},"ao":0,"shapes":[{"ty":"gr","it":[{"ind":0,"ty":"sh","ix":1,"ks":{"a":1,"k":[{"i":{"x":0.359,"y":1},"o":{"x":0.622,"y":0},"t":21,"s":[{"i":[[11.046,0],[0,0],[0,-11.046],[0,0],[-33.135,3.132],[0,0],[0,11.046],[0,0]],"o":[[0,0],[-11.046,0],[0,0],[5.466,32.998],[0,0],[11.046,0],[0,0],[0,-11.046]],"v":[[164.608,-156.888],[-164.608,-156.888],[-197.105,-119.138],[-195.331,-165.09],[-134.14,-129.455],[169.41,-237.628],[199.408,-270.859],[198.105,-121.638]],"c":true}]},{"t":44,"s":[{"i":[[11.046,0],[0,0],[0,-11.046],[0,0],[-33.135,3.132],[0,0],[0,11.046],[0,0]],"o":[[0,0],[-11.046,0],[0,0],[5.466,32.998],[0,0],[11.046,0],[0,0],[0,-11.046]],"v":[[164.608,-156.888],[-164.608,-156.888],[-197.105,-119.138],[-195.423,1368.792],[-134.231,1404.427],[169.319,1296.255],[199.316,1263.024],[198.105,-121.638]],"c":true}]}],"ix":2},"nm":"Path 1","mn":"ADBE Vector Shape - Group","hd":false},{"ty":"fl","c":{"a":0,"k":[0.960327148438,0.660278320313,0.138153076172,1],"ix":4},"o":{"a":0,"k":100,"ix":5},"r":1,"bm":0,"nm":"Fill 1","mn":"ADBE Vector Graphic - Fill","hd":false},{"ty":"tr","p":{"a":0,"k":[-417.395,-1034.362],"ix":2},"a":{"a":0,"k":[0,0],"ix":1},"s":{"a":0,"k":[100.025,100],"ix":3},"r":{"a":0,"k":0,"ix":6},"o":{"a":0,"k":100,"ix":7},"sk":{"a":0,"k":0,"ix":4},"sa":{"a":0,"k":0,"ix":5},"nm":"Transform"}],"nm":"Rectangle 1","np":3,"cix":2,"bm":0,"ix":1,"mn":"ADBE Vector Group","hd":false}],"ip":0,"op":150,"st":0,"bm":0},{"ddd":0,"ind":7,"ty":4,"nm":"Shape Layer 4","parent":1,"sr":1,"ks":{"o":{"a":1,"k":[{"i":{"x":[0.833],"y":[0.833]},"o":{"x":[0.167],"y":[0.167]},"t":15,"s":[0]},{"t":16,"s":[100]}],"ix":11},"r":{"a":0,"k":0,"ix":10},"p":{"a":0,"k":[-447.864,-232.831,0],"ix":2},"a":{"a":0,"k":[-417.395,-1034.362,0],"ix":1},"s":{"a":0,"k":[104,104,100],"ix":6}},"ao":0,"shapes":[{"ty":"gr","it":[{"ind":0,"ty":"sh","ix":1,"ks":{"a":1,"k":[{"i":{"x":0.359,"y":1},"o":{"x":0.622,"y":0},"t":16,"s":[{"i":[[11.046,0],[0,0],[0,-11.046],[0,0],[-33.135,3.132],[-6.628,2.695],[0,0],[0,11.046],[0,0]],"o":[[0,0],[-11.046,0],[0,0],[3.784,22.421],[0,0],[6.628,-2.695],[11.046,0],[0,0],[0,-11.046]],"v":[[164.608,-156.888],[-164.608,-156.888],[-197.105,-119.138],[-197.875,-155.933],[-135.001,-120.298],[-104.59,-128.893],[161.339,-223.182],[198.546,-261.701],[198.105,-121.638]],"c":true}]},{"t":40,"s":[{"i":[[11.046,0],[0,0],[0,-11.046],[0,0],[-33.135,3.132],[-6.628,2.695],[0,0],[0,11.046],[0,0]],"o":[[0,0],[-11.046,0],[0,0],[3.784,22.421],[0,0],[6.628,-2.695],[11.046,0],[0,0],[0,-11.046]],"v":[[164.608,-156.888],[-164.608,-156.888],[-197.105,-119.138],[-197.105,1368.792],[-134.231,1404.427],[-103.82,1395.832],[162.109,1301.543],[199.316,1263.024],[198.105,-121.638]],"c":true}]}],"ix":2},"nm":"Path 1","mn":"ADBE Vector Shape - Group","hd":false},{"ty":"fl","c":{"a":0,"k":[0.960327148438,0.660278320313,0.138153076172,1],"ix":4},"o":{"a":0,"k":100,"ix":5},"r":1,"bm":0,"nm":"Fill 1","mn":"ADBE Vector Graphic - Fill","hd":false},{"ty":"tr","p":{"a":0,"k":[-417.395,-1034.362],"ix":2},"a":{"a":0,"k":[0,0],"ix":1},"s":{"a":0,"k":[100.025,100],"ix":3},"r":{"a":0,"k":0,"ix":6},"o":{"a":0,"k":100,"ix":7},"sk":{"a":0,"k":0,"ix":4},"sa":{"a":0,"k":0,"ix":5},"nm":"Transform"}],"nm":"Rectangle 1","np":3,"cix":2,"bm":0,"ix":1,"mn":"ADBE Vector Group","hd":false}],"ip":0,"op":150,"st":0,"bm":0},{"ddd":0,"ind":8,"ty":4,"nm":"Shape Layer 1","parent":1,"sr":1,"ks":{"o":{"a":0,"k":100,"ix":11},"r":{"a":0,"k":0,"ix":10},"p":{"a":0,"k":[-85.664,-501.531,0],"ix":2},"a":{"a":0,"k":[-4.086,-16.357,0],"ix":1},"s":{"a":0,"k":[2134,2134,100],"ix":6}},"ao":0,"hasMask":true,"masksProperties":[{"inv":false,"mode":"a","pt":{"a":0,"k":{"i":[[0,0],[0,0],[0,0],[0,0]],"o":[[0,0],[0,0],[0,0],[0,0]],"v":[[-63.74,-37.991],[-63.74,5.276],[56.126,5.276],[56.126,-37.991]],"c":true},"ix":1},"o":{"a":0,"k":100,"ix":3},"x":{"a":0,"k":0,"ix":4},"nm":"Mask 1"}],"shapes":[{"ty":"gr","it":[{"ind":0,"ty":"sh","ix":1,"ks":{"a":0,"k":{"i":[[0,8.442],[-8.804,0],[-16.283,0],[-0.006,16.036]],"o":[[0,-27.961],[11.059,0],[9.465,0],[0.003,-6.588]],"v":[[-53.105,14.202],[-45.581,-17.375],[35.357,-17.492],[44.969,-37.991]],"c":false},"ix":2},"nm":"Path 1","mn":"ADBE Vector Shape - Group","hd":false},{"ty":"st","c":{"a":0,"k":[0.960327148438,0.660278320313,0.138153076172,1],"ix":3},"o":{"a":0,"k":100,"ix":4},"w":{"a":0,"k":19,"ix":5},"lc":2,"lj":1,"ml":4,"bm":0,"nm":"Stroke 1","mn":"ADBE Vector Graphic - Stroke","hd":false},{"ty":"tr","p":{"a":0,"k":[0,0],"ix":2},"a":{"a":0,"k":[0,0],"ix":1},"s":{"a":0,"k":[100,100],"ix":3},"r":{"a":0,"k":0,"ix":6},"o":{"a":0,"k":100,"ix":7},"sk":{"a":0,"k":0,"ix":4},"sa":{"a":0,"k":0,"ix":5},"nm":"Transform"}],"nm":"Shape 1","np":3,"cix":2,"bm":0,"ix":1,"mn":"ADBE Vector Group","hd":false},{"ty":"tm","s":{"a":0,"k":0,"ix":1},"e":{"a":1,"k":[{"i":{"x":[0.292],"y":[1]},"o":{"x":[0.349],"y":[0]},"t":2,"s":[0]},{"t":41,"s":[100]}],"ix":2},"o":{"a":0,"k":0,"ix":3},"m":1,"ix":2,"nm":"Trim Paths 1","mn":"ADBE Vector Filter - Trim","hd":false}],"ip":0,"op":150,"st":0,"bm":0},{"ddd":0,"ind":9,"ty":4,"nm":"Shape Layer 9","parent":1,"sr":1,"ks":{"o":{"a":0,"k":100,"ix":11},"r":{"a":0,"k":0,"ix":10},"p":{"a":0,"k":[-30.969,-48.969,0],"ix":2},"a":{"a":0,"k":[-30.469,-48.469,0],"ix":1},"s":{"a":1,"k":[{"i":{"x":[0.507,0.507,0.667],"y":[1,1,1]},"o":{"x":[0.624,0.624,0.333],"y":[0,0,0]},"t":52,"s":[0,0,100]},{"t":93,"s":[100,100,100]}],"ix":6}},"ao":0,"shapes":[{"ty":"gr","it":[{"ind":0,"ty":"sh","ix":1,"ks":{"a":0,"k":{"i":[[-1211.729,0],[0,-1211.729],[1211.729,0],[0,1211.729]],"o":[[1211.729,0],[0,1211.729],[-1211.729,0],[0,-1211.729]],"v":[[0,-2194.031],[2194.031,0],[0,2194.031],[-2194.031,0]],"c":true},"ix":2},"nm":"Path 1","mn":"ADBE Vector Shape - Group","hd":false},{"ty":"fl","c":{"a":0,"k":[0.181701660156,0.0068359375,0.290771484375,1],"ix":4},"o":{"a":0,"k":100,"ix":5},"r":1,"bm":0,"nm":"Fill 1","mn":"ADBE Vector Graphic - Fill","hd":false},{"ty":"tr","p":{"a":0,"k":[-30.47,-48.47],"ix":2},"a":{"a":0,"k":[0,0],"ix":1},"s":{"a":0,"k":[99.846,99.846],"ix":3},"r":{"a":0,"k":0,"ix":6},"o":{"a":0,"k":100,"ix":7},"sk":{"a":0,"k":0,"ix":4},"sa":{"a":0,"k":0,"ix":5},"nm":"Transform"}],"nm":"Ellipse 1","np":3,"cix":2,"bm":0,"ix":1,"mn":"ADBE Vector Group","hd":false},{"ty":"tm","s":{"a":0,"k":0,"ix":1},"e":{"a":0,"k":100,"ix":2},"o":{"a":0,"k":0,"ix":3},"m":1,"ix":2,"nm":"Trim Paths 1","mn":"ADBE Vector Filter - Trim","hd":false}],"ip":0,"op":150,"st":0,"bm":0}],"markers":[]}